{
  "IsEncrypted": false,
  "Values": {
    "WEBSITE_SLOT_NAME": "Production",
    "FUNCTIONS_EXTENSION_VERSION": "~4",
    "ScmType": "None",
    "WEBSITE_AUTH_ENABLED": "False",
    "APPLICATIONINSIGHTS_CONNECTION_STRING": "InstrumentationKey=7b12601b-9bd9-455c-b899-d8a30bb8de11;IngestionEndpoint=https://germanywestcentral-1.in.applicationinsights.azure.com/;LiveEndpoint=https://germanywestcentral.livediagnostics.monitor.azure.com/;ApplicationId=0399a3f0-7b87-427b-b5da-010e63c7ce7d",
    "WEBSITE_NODE_DEFAULT_VERSION": "20.9.0",
    "WEBSITE_CONTENTAZUREFILECONNECTIONSTRING": "DefaultEndpointsProtocol=https;AccountName=votmilenserverlessibf46;AccountKey=nL2iClbgMsFOxHCzhLkCkfNMAUB0bT/Oycd7p6hqcWe2Udl1rfgZ76bWoezJIulxX/TuastKEaCu+AStVXLbwg==;EndpointSuffix=core.windows.net",
    "WEBSITE_CONTENTSHARE": "vot-milen-serverless-imdbb337",
    "FUNCTIONS_WORKER_RUNTIME": "node",
    "WEBSITE_SITE_NAME": "VOT-Milen-serverless-imdb",
    "AzureWebJobsStorage": "DefaultEndpointsProtocol=https;AccountName=votmilenserverlessibf46;AccountKey=nL2iClbgMsFOxHCzhLkCkfNMAUB0bT/Oycd7p6hqcWe2Udl1rfgZ76bWoezJIulxX/TuastKEaCu+AStVXLbwg==;EndpointSuffix=core.windows.net"
  }
}